genre_as_recorded,vocab,source_authority_uri,authorized_label,structured_value,ds_qid
Abridgements,aat,,,,
Abstracts (summaries),aat,,,,
accordion album bindings,aat,,,,
accordion books,aat,http://vocab.getty.edu/aat/300438814,,,
account books,aat,,,,
Account books,aat,,,,
accounts,aat,,,,
Accounts,aat,,,,
Administrative records,aat,,,,
Adventure stories,aat,http://vocab.getty.edu/aat/300254790,,,
Advertisements,aat,,,,
Agreements,aat,,,,
Albums (books),aat,,,,
Allegories,aat,,,,
Almanacs,aat,,,,
Alphabets (symbols),aat,,,,
Amate paper,aat,,,,
Amulets,aat,,,,
Anagrams,aat,,,,
Animal stories,aat,http://vocab.getty.edu/aat/300254800,,,
Animal stories,aat,,,,
annotations,aat,,,,
Annotations,aat,,,,
Annotations (Provenance),aat,,,,
anthologies,aat,,,,
Anthologies,aat,,,,
antiphonaries,aat,,,,
Antiphonaries,aat,,,,
Aphorisms,aat,,,,
apocrypha,aat,,,,
Arabic scripts,aat,,,,
Armenian alphabet,aat,,,,
Armorials,aat,,,,
Articles of incorporation,aat,,,,
Astronomical charts,aat,,,,
Atlases,aat,,,,
Atlases (Geographic),aat,,,,
Autobiographies,aat,,,,
autobiographies (literary works),aat,,,,
Autographs,aat,,,,
Autographs (manuscripts),aat,,,,
Bastarda,aat,,,,
benedictionals,aat,,,,
Beneventan minuscule,aat,,,,
Bibles,aat,,,,
bifolia,aat,(CStmoGRI)aatgf300201054,,,
Bifolia,aat,,,,
Bifolium,aat,,,,
Binding components,aat,,,,
Bindings,aat,,,,
biographical dictionaries,aat,http://vocab.getty.edu/aat/300026196,,,
biographies (literary genre),aat,http://vocab.getty.edu/aat/300080102,,,
Biographies (literary works),aat,,,,
Blank forms,aat,http://vocab.getty.edu/aat/300202519,,,
blind stamping,aat,,,,
Book catalogs,aat,,,,
Bookhands,aat,http://vocab.getty.edu/aat/300200668,,,
Book hands,aat,,,,
Bookmarks,aat,,,,
Book of hours,aat,,,,
bookplates,aat,,,,
Booksellers' catalogs,aat,http://vocab.getty.edu/aat/300417772,,,
books of hours,aat,,,,
Books of hours,aat,,,,
Books of hours,aat,http://vocab.getty.edu/aat/300026457,,,
Borders (ornament areas),aat,,,,
botanical illustrations,aat,,,,
breviaries,aat,,,,
Breviaries,aat,,,,
Breviaries,aat,http://vocab.getty.edu/aat/300026459,,,
Bullae (seals),aat,,,,
Bulls,aat,,,,
Bulls (papal records),aat,,,,
Bylaws,aat,,,,
Bylaws (administrative records),aat,,,,
Calendars,aat,,,,
Calendars (documents),aat,,,,
Calendars (documents by form),aat,,,,
calendars of saints,aat,,,,
Calligraphy,aat,,,,
calligraphy (visual works),aat,(CStmoGRI)aatgf300266660,,,
Calligraphy (visual works),aat,,,,
Canon tables,aat,,,,
Canticles,aat,,,,
Caroline minuscule,aat,,,,
cartularies,aat,,,,
Cartularies,aat,,,,
Catchwords,aat,,,,
Catechisms,aat,,,,
Charters,aat,,,,
Choirbooks,aat,,,,
chronicles,aat,,,,
Chronicles,aat,,,,
chronograms,aat,,,,
chronologies (lists),aat,,,,
Chronologies (lists),aat,,,,
Church records,aat,,,,
Citation indexes,aat,http://vocab.getty.edu/aat/300026579,,,
Civil court records,aat,,,,
Coats of arms,aat,,,,
Coats of arms,aat,http://vocab.getty.edu/aat/300126352,,,
Coats of arms and coat of arms elements,aat,,,,
Codices,aat,,,,
codices (bound manuscripts),aat,,,,
Codices (bound manuscripts),aat,,,,
Codicils,aat,,,,
Collages (visual works),aat,,,,
Collations,aat,,,,
collective biographies,aat,,,,
Comedies,aat,http://vocab.getty.edu/aat/300201014,,,
comedy (general genre),aat,,,,
commentaries,aat,,,,
Commentaries,aat,,,,
Commentries,aat,,,,
Commissions,aat,,,,
Commonplace books,aat,,,,
Compendiums,aat,,,,
Compilation manuscripts,aat,,,,
Composite portraits,aat,,,,
Concordances,aat,,,,
Constitutions,aat,,,,
contracts,aat,,,,
Contracts,aat,,,,
conveyances,aat,,,,
Cookbooks,aat,,,,
Copybooks,aat,,,,
copybooks (instructional materials),aat,,,,
Copybooks (instructional materials),aat,http://vocab.getty.edu/aat/300115825,,,
Correspondence,aat,,,,
Correspondence artifacts,aat,http://vocab.getty.edu/aat/300207872,,,
Credit records,aat,,,,
Criminal court records,aat,,,,
Cursivescripts,aat,,,,
Cursive scripts,aat,,,,
Cursive scripts (general scripts by form),aat,,,,
Customaries,aat,,,,
cut-paper work,aat,,,,
cuttings (partial works),aat,,,,
Death certificates,aat,,,,
Death registers,aat,,,,
Decisions,aat,,,,
Declarations,aat,,,,
Decorated initials,aat,,,,
Decorated initials,aat,http://vocab.getty.edu/aat/300417548,,,
Decrees,aat,,,,
Decretals,aat,,,,
deeds,aat,,,,
Deeds,aat,,,,
Detached leaves,aat,,,,
Detached leaves,aat,http://vocab.getty.edu/aat/300379890,,,
devotional calendars,aat,,,,
Devotional calendars,aat,,,,
Devotional literature,aat,,,,
diagrams,aat,,,,
Diagrams,aat,,,,
dialogues,aat,,,,
Dialogues,aat,,,,
Diaries,aat,,,,
dictionaries,aat,,,,
Dictionaries,aat,,,,
Diplomas,aat,,,,
Dirges,aat,http://vocab.getty.edu/aat/300262814,,,
Dispatches,aat,,,,
documentary scripts,aat,(CStmoGRI)aatgf300200828,,,
Documentary scripts,aat,,,,
Documents (object genre),aat,,,,
donation inscriptions,aat,,,,
doodles,aat,http://vocab.getty.edu/aat/300034707,,,
drawings,aat,,,,
Drawings,aat,,,,
drawings (visual works),aat,,,,
Drawings (visual works),aat,,,,
Drolleries,aat,,,,
Elegies,aat,,,,
Emblem books,aat,,,,
Embroidering,aat,,,,
Embroidery (visual works),aat,,,,
Encyclopedias,aat,,,,
Engravings (prints),aat,,,,
Envelopes,aat,,,,
Epic poems,aat,http://vocab.getty.edu/aat/300253035,,,
Epics,aat,,,,
Epigrams,aat,,,,
epitaphs,aat,,,,
Essays,aat,,,,
estate inventories,aat,,,,
Estate inventories,aat,,,,
Estate records,aat,,,,
Etymological dictionaries,aat,,,,
Evangeliaries,aat,,,,
Excerpts,aat,,,,
Executive records,aat,,,,
Fables,aat,,,,
Facsimiles,aat,,,,
Figurative initials,aat,,,,
figure initials,aat,,,,
Financial documents,aat,,,,
Financial records,aat,,,,
folded books,aat,http://vocab.getty.edu/aat/300200572,,,
folio,aat,(CStmoGRI)aatgf300201054,,,
Forgeries,aat,,,,
Forgeries (derivative objects),aat,http://vocab.getty.edu/aat/300015641,,,
Formularies,aat,,,,
"Formulas, recipes, etc",aat,,,,
Fragments,aat,,,,
fragments (object portions),aat,,,,
Fragments (object portions),aat,,,,
Fragments (object portions),aat,http://vocab.getty.edu/aat/300117130,,,
Gatherings (gathered matter components),aat,,,,
Genealogical tables,aat,,,,
Genealogies,aat,,,,
Genealogies (histories),aat,,,,
Glossaries,aat,,,,
Glossed Bibles,aat,,,,
Glosses (annotations),aat,,,,
Glosses (annotations),aat,http://vocab.getty.edu/aat/300211708,,,
Goatskin bindings (Bindings),aat,,,,
Gold tooled bindings,aat,,,,
gold tooling,aat,,,,
Gothic cursive,aat,,,,
Gothic scripts,aat,(CStmoGRI)aatgf300195226http://vocab.getty.edu/aat/300195226,,,
Gothic scripts,aat,(CStmoGRI)aatgf300195226,,,
Gothic scripts,aat,,,,
Gothic scripts,aat,http://vocab.getty.edu/aat/300195226,,,
Government records,aat,,,,
Graduals,aat,,,,
Grammars (instructional materials),aat,,,,
Gregorian chants,aat,,,,
Grotesques,aat,,,,
Guide letters,aat,,,,
Hagiographies (documents),aat,,,,
Hagiographies (works),aat,,,,
handbooks,aat,,,,
Handbooks,aat,,,,
headpieces (layout features),aat,,,,
Hebrew alphabet,aat,,,,
Herbals,aat,,,,
Herbals (reference sources),aat,,,,
Historiated initials,aat,,,,
histories,aat,,,,
Histories,aat,,,,
histories (literary genre),aat,http://vocab.getty.edu/aat/300026358,,,
Histories (literary works),aat,,,,
Holographs,aat,,,,
holographs (autographs),aat,,,,
Homiliaries,aat,,,,
Humanistic cursive,aat,,,,
Humanistic script,aat,,,,
Humanistic scripts,aat,,,,
Humanistic scripts,aat,http://vocab.getty.edu/aat/300210204,,,
Humanist scripts,aat,,,,
Hymnals,aat,,,,
Hymns,aat,,,,
Hymns (documents),aat,,,,
iIlluminated manuscripts,aat,,,,
Illuminated borders,aat,,,,
Illuminated initials,aat,,,,
Illuminated initials (layout features),aat,,,,
Illuminated initials (Layout features),aat,,,,
illuminatedmanuscripts,aat,(CStmoGRI)aatgf300265483,,,
Illuminatedmanuscripts,aat,,,,
Illuminatedmanuscripts,aat,http://vocab.getty.edu/aat/300265483,,,
Illuminatedmanuscripts,aat,(CStmoGRI)aatgf300265483http://vocab.getty.edu/aat/300265483,,,
illuminated manuscripts,aat,(CStmoGRI)aatgf300265483,,,
illuminated manuscripts,aat,,,,
Illuminated manuscripts,aat,(CStmoGRI)aatgf300265483http://vocab.getty.edu/aat/300265483,,,
Illuminated manuscripts,aat,,,,
illuminations,aat,,,,
Illuminations,aat,,,,
illuminations (painting),aat,,,,
Illuminations (painting),aat,,,,
illuminations (paintings),aat,,,,
Illuminations (paintings),aat,http://vocab.getty.edu/aat/300264522,,,
Illuminations (visual materials),aat,,,,
illuminations (visual works),aat,,,,
Illuminations (visual works),aat,,,,
impressed watermarks,aat,,,,
indentures,aat,,,,
Indentures,aat,,,,
Indexes,aat,,,,
Indulgences,aat,,,,
Indulgences (documents),aat,,,,
Inhabited initials,aat,,,,
initials (layout features),aat,,,,
instructional materials,aat,(CStmoGRI)aatgf300026367,,,
Instructional materials,aat,,,,
Insular scripts,aat,,,,
Inventories,aat,,,,
Italian rotunda (script),aat,,,,
Japanese sewing,aat,,,,
Journals (accounts),aat,http://vocab.getty.edu/aat/300027087,,,
Judicial records,aat,,,,
Ketubahs,aat,http://vocab.getty.edu/aat/300182873,,,
Kufic,aat,,,,
land grants,aat,,,,
Land surveys,aat,,,,
Laws,aat,,,,
Laws (documents),aat,,,,
leaf (plant material),aat,(CStmoGRI)aatgf300011892,,,
Leases,aat,,,,
Lectionaries,aat,,,,
Lecture notes,aat,,,,
Ledgers,aat,,,,
Ledgers (account books),aat,,,,
Legal correspondence,aat,,,,
legal documents,aat,,,,
Legal documents,aat,,,,
Legal instruments,aat,,,,
Letters,aat,,,,
Letters (correspondence),aat,,,,
Letters of recommendation,aat,,,,
Letters patent,aat,,,,
Licenses,aat,,,,
Limp bindings,aat,,,,
Lists,aat,,,,
Lists (document genres),aat,,,,
Litanies,aat,,,,
Litanies (prayers),aat,,,,
liturgical texts,aat,,,,
Liturgical texts,aat,,,,
Liturgy,aat,http://vocab.getty.edu/aat/300055983,,,
Luxeuil script,aat,,,,
Maghribī (script form),aat,,,,
magic squares,aat,,,,
Mahzorim,aat,http://vocab.getty.edu/aat/300211806,,,
Mansucripts (documents),aat,,,,
Manual (instructional materials),aat,,,,
manuals (instructional materials),aat,,,,
Manuals (instructional materials),aat,,,,
manuscript maps,aat,,,,
Manuscript maps,aat,,,,
Manuscripts,aat,,,,
"Manuscripts, Renaissance",aat,,,,
Manuscripts (document),aat,,,,
Manuscripts (document genre),aat,,,,
manuscripts (documents),aat,(CStmoGRI)aatgf300028569,,,
manuscripts (documents),aat,,,,
Manuscripts (documents),aat,,,,
Manuscripts (documents),aat,http://vocab.getty.edu/aat/300028569,,,
Manuscripts for publication,aat,,,,
Manuscript waste (Binding),aat,,,,
Maps,aat,,,,
Maps (documents),aat,,,,
marginalia (annotations),aat,,,,
Marginalia (annotations),aat,,,,
Marginalia (annotations),aat,http://vocab.getty.edu/aat/300026102,,,
Marginal illustrations,aat,,,,
Marriage certificates,aat,,,,
Martyrologies,aat,http://vocab.getty.edu/aat/300026471,,,
Maxims,aat,,,,
Memoirs,aat,,,,
menologions,aat,,,,
Menus,aat,,,,
Merchandise inventories,aat,http://vocab.getty.edu/aat/300027146,,,
Merovingian scripts,aat,,,,
Metal cuts,aat,,,,
military commissions,aat,,,,
Miniatures,aat,,,,
Miniatures (Illuminations),aat,,,,
miniatures (paintings),aat,,,,
Miniatures (paintings),aat,,,,
Minuscule,aat,,,,
Minutes,aat,,,,
Minutes (administrative records),aat,,,,
Miscellanies,aat,,,,
Miscellanites,aat,,,,
missals,aat,,,,
Missals,aat,,,,
Mnemonics,aat,,,,
Morocco bindings,aat,,,,
Music,aat,,,,
Musical notation,aat,,,,
Musical scores,aat,,,,
Mystery plays,aat,,,,
Naskhī,aat,,,,
Naskhī,aat,,,,
Nastaʻliq,aat,,,,
Neumes,aat,,,,
notarial documents,aat,,,,
Notarial documents,aat,http://vocab.getty.edu/aat/300164785,,,
Notarial documents,aat,,,,
Notebooks,aat,,,,
Notes,aat,,,,
Notes (documents),aat,,,,
Oaths,aat,,,,
Orations,aat,,,,
ordinals,aat,,,,
Ordinals,aat,,,,
Ordinances,aat,,,,
Outlines (documents),aat,http://vocab.getty.edu/aat/300027207,,,
Paintings (visual works),aat,,,,
Palimpsest,aat,,,,
palimpsests,aat,,,,
Palimpsests,aat,,,,
palimpsests (manuscripts),aat,,,,
Palimpsests (manuscripts),aat,http://vocab.getty.edu/aat/300028576,,,
Palm leaf,aat,,,,
palm leaf (material),aat,,,,
Palm-leaf manuscripts,aat,,,,
Papal briefs,aat,,,,
Paper,aat,,,,
Papyri,aat,,,,
Papyri (manuscripts),aat,,,,
Parchment,aat,,,,
parchment (animal material),aat,(CStmoGRI)aat300011851,,,
Parliamentary papers,aat,,,,
passionals,aat,,,,
Passion plays,aat,,,,
Passports,aat,,,,
Pastedowns,aat,,,,
Peciae,aat,,,,
pen and ink drawings,aat,http://vocab.getty.edu/aat/300404676,,,
Pen and wash drawings,aat,,,,
Penitentials,aat,,,,
Penmanship specimen manuals,aat,,,,
Permissions,aat,,,,
Perpetual calendars,aat,,,,
Personal correspondence,aat,http://vocab.getty.edu/aat/300048730,,,
petitions,aat,,,,
Petitions,aat,,,,
pictographs,aat,http://vocab.getty.edu/aat/300124411,,,
Pilgrim badges,aat,,,,
Plays (document genre),aat,,,,
Plays (performing arts compositions),aat,,,,
poems,aat,,,,
Poems,aat,,,,
poetry,aat,,,,
Polemics,aat,,,,
pontificals,aat,,,,
Pontificals,aat,,,,
Portolanos,aat,,,,
Portolanos,aat,http://vocab.getty.edu/aat/300137376,,,
Portraits,aat,,,,
Powers of attorney,aat,,,,
Prayer books,aat,,,,
Prayers,aat,,,,
prayers (compositions),aat,http://vocab.getty.edu/aat/300400521,,,
Prayers (documents),aat,,,,
Prayers (literary works),aat,,,,
prayer scrolls,aat,,,,
prescriptions,aat,,,,
Prescriptions,aat,,,,
Privileges (permissions),aat,,,,
Procedures (documents),aat,,,,
processionals,aat,,,,
proclamations,aat,http://vocab.getty.edu/aat/300027237,,,
Promissory notes,aat,,,,
Property records,aat,,,,
Protests,aat,,,,
Protogothic,aat,,,,
Proverbs,aat,,,,
Psalms,aat,,,,
Psalms (documents),aat,,,,
Psalter,aat,,,,
Psalters,aat,,,,
psalters (books),aat,,,,
Psalters (books),aat,,,,
quotations (texts),aat,,,,
Qur'anic boards,aat,,,,
Qur'ans,aat,,,,
Qurʼans,aat,,,,
Reading lists,aat,,,,
Receipts,aat,,,,
Receipts (financial records),aat,,,,
Recipes,aat,,,,
Records (documents),aat,http://vocab.getty.edu/aat/300026685,,,
Registers (lists),aat,,,,
Regulations (executive records),aat,,,,
Religious calendars,aat,,,,
religious habits,aat,,,,
Religious poetry,aat,http://vocab.getty.edu/aat/300417816,,,
Reports,aat,,,,
Riddles (document genres),aat,,,,
Rinceaux,aat,,,,
Rituals (liturgical books),aat,,,,
Romances,aat,,,,
Romances (document genre),aat,,,,
Romances (literary genre),aat,,,,
Romances (medieval narratives),aat,,,,
Rotunda (script),aat,,,,
rubrics,aat,(CStmoGRI)aatgf300196121,,,
Rubrics,aat,,,,
Rules (layout features),aat,,,,
Rustic capitals,aat,,,,
Sacramentaries,aat,,,,
Sale records,aat,,,,
Satires (document genre),aat,,,,
Satires (literary works),aat,,,,
Scientific illustrations,aat,,,,
scientific illustrations (images),aat,,,,
Scores (documents for music),aat,,,,
scraping,aat,,,,
Scrolls,aat,,,,
scrolls (information artifacts),aat,,,,
Scrolls (information artifacts),aat,,,,
Seals,aat,,,,
seals (artifacts),aat,,,,
seals (artifacts),aat,(CStmoGRI)aatgf300028877,,,
Seals (artifacts),aat,,,,
Seals (marks),aat,,,,
sermons,aat,,,,
Sermons,aat,,,,
Service books,aat,,,,
Service books (religious texts),aat,,,,
short stories,aat,,,,
signatures (names),aat,,,,
Songs,aat,,,,
Songs (documents),aat,,,,
sonnets,aat,,,,
Sonnets,aat,,,,
Speeches,aat,,,,
speeches (documents),aat,,,,
Stamps (tools),aat,,,,
Standards,aat,,,,
Statutes,aat,,,,
Strapwork,aat,,,,
Surveys (documents),aat,,,,
tables (documents),aat,,,,
Tables (documents),aat,,,,
Tables of contents,aat,,,,
Tabs,aat,,,,
Tacketed bindings,aat,,,,
tailpieces (layout features),aat,,,,
Tariff schedules,aat,,,,
Tax records,aat,,,,
Testimonials,aat,,,,
Testimonies,aat,,,,
textura (Gothic script),aat,,,,
Textura (Gothic script),aat,,,,
Textura (Gothic scripts),aat,,,,
Thumb indexes,aat,,,,
title pages,aat,,,,
Tracts (documents),aat,,,,
Tragedies,aat,,,,
Transcripts,aat,,,,
Translations,aat,,,,
Translations (documents),aat,,,,
Travel sketches,aat,http://vocab.getty.edu/aat/300117554,,,
treatises,aat,,,,
Treatises,aat,,,,
Treatises,aat,http://vocab.getty.edu/aat/300026681,,,
Trials,aat,,,,
tuǧras,aat,,,,
tuǧras,aat,,,,
Typescripts,aat,,,,
Uncial,aat,,,,
Vellum,aat,,,,
Vellum (paper),aat,,,,
Vellum (parchment),aat,,,,
Versals,aat,,,,
volvelles,aat,,,,
Volvelles,aat,,,,
Wafers,aat,,,,
Warrants,aat,,,,
Waste paper,aat,,,,
Watercolors,aat,,,,
Watercolors (paintings),aat,,,,
Watermarks,aat,,,,
Watermarks,aat,http://vocab.getty.edu/aat/300028749,,,
wills,aat,,,,
Wills,aat,,,,
Woodcuts (prints),aat,,,,
Wooden boards,aat,,,,
World maps,aat,,,,
Writing tablets (information artifacts),aat,,,,
Writs,aat,,,,
