language_as_recorded,language_code,authorized_label,structured_value,ds_qid
lat,,,,
ita,,,,
Hebrew,,,,
In Arabic,,,,
In Latin,,,,
"In Ethiopic, with later additions in Amharic",,,,
gre,,,,
spa,,,,
English and Bengali,,,,
fre,,,,
Persian,,,,
e-uk-en,,,,
n-us-ma,,,,
Arabic,,,,
Sanskrit,,,,
Middle English,,,,
In Toba Batak,,,,
und,,,,
ara,,,,
English,,,,
In Sanskrit,,,,
In Latin and Italian,,,,
Spanish,,,,
In Italian; Epistolae ad Lucilium translated from the Latin,,,,
1st work in Latin; 2nd work in Italian,,,,
Some in modern Greek,,,,
Persian and Arabic,,,,
Arabic and Farsi,,,,
In Spanish,,,,
Latin and Italian,,,,
Telegu,,,,
In Ge'ez,,,,
Written in Pali,,,,
In Farsi,,,,
In Ethiopic and Amharic,,,,
In Middle Dutch,,,,
